{
  "version": "1.0.0",
  "lastUpdated": "2025-09-30T21:23:33.203Z",
  "metadata": {
    "totalServices": 18,
    "totalWorkerQueues": 4,
    "defaultConcurrency": 1
  },
  "services": {
    "carrera": {
      "useQueue": true,
      "isPaused": false
    },
    "plan-estudio": {
      "useQueue": true,
      "isPaused": false
    },
    "estudiante": {
      "useQueue": true,
      "isPaused": false
    },
    "inscripcion": {
      "useQueue": true,
      "isPaused": false
    },
    "detalle-inscripcion": {
      "useQueue": true,
      "isPaused": false
    },
    "aula": {
      "useQueue": true,
      "isPaused": false
    },
    "boleta-horario": {
      "useQueue": true,
      "isPaused": false
    },
    "docente": {
      "useQueue": true,
      "isPaused": false
    },
    "gestion": {
      "useQueue": true,
      "isPaused": false
    },
    "grupo": {
      "useQueue": true,
      "isPaused": false
    },
    "grupo-materia": {
      "useQueue": true,
      "isPaused": false
    },
    "horario": {
      "useQueue": true,
      "isPaused": false
    },
    "materia": {
      "useQueue": true,
      "isPaused": false
    },
    "modulo": {
      "useQueue": true,
      "isPaused": false
    },
    "nivel": {
      "useQueue": true,
      "isPaused": false
    },
    "nota": {
      "useQueue": true,
      "isPaused": false
    },
    "periodo": {
      "useQueue": true,
      "isPaused": false
    },
    "prerequisito": {
      "useQueue": true,
      "isPaused": false
    }
  },
  "workerQueues": {
    "cola-1": {
      "enabled": true,
      "concurrency": 1,
      "assignedServices": [
        "carrera",
        "estudiante",
        "inscripcion",
        "detalle-inscripcion"
      ],
      "description": "Cola prioritaria para operaciones críticas",
      "createdAt": "2025-01-25T10:30:00.000Z"
    },
    "cola-2": {
      "enabled": true,
      "concurrency": 1,
      "assignedServices": [
        "*"
      ],
      "description": "Cola general catch-all para resto de servicios",
      "createdAt": "2025-01-25T10:30:00.000Z"
    },
    "cola-3": {
      "enabled": true,
      "concurrency": 5,
      "assignedServices": [
        "carrera",
        "docente"
      ],
      "description": "Worker queue con 0 workers",
      "createdAt": "2025-09-25T22:32:58.031Z"
    },
    "cola-4": {
      "enabled": true,
      "concurrency": 1,
      "assignedServices": [
        "*"
      ],
      "description": "Worker queue con 1 workers",
      "createdAt": "2025-09-30T21:23:33.203Z"
    }
  }
}